batch,point,distance,calc_lr_es,calc_lr_pol,calc_lr_disp,calc_lr_tot,ref_lr_es,ref_lr_pol,ref_lr_disp,ref_lr_tot,delta_lr_es,delta_lr_pol,delta_lr_disp,delta_lr_tot
000,0,3.9255281685605032,-700236891.7670367,-4444121.026222706,-745.4358599374867,-704681758.2291193,-33.14829674802064,-22.914295135971635,-251.69878340703983,-307.7613752910321,-700236858.61874,-4444098.11192757,-493.73707653044687,-704681450.467744
000,1,4.130739352746069,-476033124.252275,-3926520.1408188343,-341.65502297245575,-479959986.0481168,-29.72719628273957,-14.829246001291047,-130.6225393360686,-175.17898162009922,-476033094.5250787,-3926505.311572833,-211.03248363638716,-479959810.8691352
000,2,4.337063591974059,-348801667.78804076,-3375802.083910048,-172.63485597103372,-352177642.5068068,-26.562194768348647,-10.052922430474055,-73.21483177132333,-109.82994897014603,-348801641.225846,-3375792.0309876176,-99.42002419971038,-352177532.6768578
000,3,4.54435194398112,-268996641.80134135,-2961707.3382632732,-94.33347407667571,-271958443.4730787,-23.661019171219063,-7.035466326113735,-43.658445974971,-74.3549314723038,-268996618.1403222,-2961700.3027969473,-50.67502810170471,-271958369.11814725
000,4,4.752477028822315,-214401669.43116146,-2616865.4051122665,-54.94770239196269,-217018589.7839761,-21.031803850700467,-5.0439433957497855,-27.37471304627008,-53.45046029272034,-214401648.39935762,-2616860.3611688707,-27.572989345692612,-217018536.33351582
000,5,5.170832917461074,-144084888.22834378,-2108274.404463887,-21.657030044296853,-146193184.28983772,-16.577458312460873,-2.7411478247542647,-12.098223069195212,-31.41682920641035,-144084871.65088546,-2108271.6633160627,-9.558806975101641,-146193152.87300852
000,6,5.591468954187763,-100920628.0534865,-1813739.2529329956,-9.922300502413774,-102734377.22872,-13.094766704891798,-1.5795599569865235,-6.014015262597568,-20.68834192447589,-100920614.95871979,-1813737.6733730386,-3.9082852398162062,-102734356.54037806
000,7,6.013909978072409,-72456431.22729515,-1677581.0732823908,-5.0730209151495895,-74134017.37359846,-10.410176610535787,-0.9539563291122928,-3.260847041634835,-14.624979981282916,-72456420.81711854,-1677580.1193260618,-1.8121738735147543,-74134002.74861847
000,8,6.4377974434558825,-52961381.822340325,-1592257.460292548,-2.8164551126754294,-54553642.09908798,-8.347949490233338,-0.5991493362770566,-1.8899011540197566,-10.836999980530152,-52961373.474390835,-1592256.8611432116,-0.9265539586556728,-54553631.262088
000,9,7.07577532059651,-33962932.33548395,-1526926.69233042,-1.3070790624760547,-35489860.334893435,-6.104511739212204,-0.31704002692490274,-0.9175089465990757,-7.339060712736182,-33962926.230972216,-1526926.3752903931,-0.389570115876979,-35489852.99583272
000,10,7.715761922778767,-22304410.732939914,-1501145.6250848174,-0.6721181729317426,-23805557.030142903,-4.563223700443207,-0.17828781301181706,-0.48630348823099634,-5.227815001686021,-22304406.169716213,-1501145.4467970044,-0.18581468470074625,-23805551.8023279
000,11,8.357292761570347,-14902019.337433532,-1486370.0167579204,-0.3731014342800049,-16388389.727292886,-3.4827329429031946,-0.10542093484163928,-0.27573430011018785,-3.8638881778550216,-14902015.85470059,-1486369.9113369856,-0.09736713416981707,-16388385.863404708
020,0,3.2948493276767965,245904946.38477695,-4194416.099390507,-344.850326670727,241710185.4350598,-38.288965568411584,-18.489532349486772,-192.68262794546087,-249.46112586335923,245904984.67374253,-4194397.609858157,-152.16769872526612,241710434.89618564
020,1,3.483838109556337,182426527.3327301,-3661974.237240255,-182.97323959449724,178764370.12225026,-33.80798154226865,-11.780642280214536,-100.68058846698042,-146.2692122894636,182426561.14071167,-3661962.4565979745,-82.29265112751682,178764516.39146253
020,2,3.6749190193036263,136919259.81834683,-3152882.963106662,-105.49087956672349,133766271.3643606,-29.886616196674655,-7.944695980717267,-58.31617582448268,-96.14748800187459,136919289.70496303,-3152875.0184106813,-47.174703742240816,133766367.5118486
020,3,3.867781681697675,105189367.73058254,-2727329.1900749803,-64.718466819615,102461973.82204074,-26.48490037992634,-5.571514826337509,-36.36137515257273,-68.41779035883658,105189394.21548292,-2727323.618560154,-28.357091667042276,102462042.23983109
020,4,4.062173339029035,82808875.53769019,-2393206.849843234,-41.65928649526134,80415627.02856046,-23.538823909635948,-4.0209547945131945,-23.921361984331767,-51.481140688480906,82808899.0765141,-2393202.828888439,-17.737924510929574,80415678.50970115
020,5,4.454738443482194,54536838.64962549,-1969292.7642938942,-19.233662831575906,52567526.651668765,-18.76127722950068,-2.2283840034790785,-11.580886893840756,-32.57054812682051,54536857.410902716,-1969290.5359098907,-7.65277593773515,52567559.22221689
020,6,4.851324471262223,38042537.16909256,-1722770.0881342888,-9.878649166751433,36319757.2023091,-15.125205695523217,-1.3114897665416763,-6.213951498997556,-22.65064696106245,38042552.294298254,-1722768.7766445223,-3.6646976677538774,36319779.852956064
020,7,5.2510223383478545,27555724.684619367,-1585488.7166345417,-5.486277588658824,25970230.481707238,-12.322739943320467,-0.8072637116486057,-3.581404414519027,-16.7114080694881,27555737.00735931,-1585487.90937083,-1.904873174139797,25970247.19311531
020,8,5.653170862138846,20508968.968788818,-1502979.3861012012,-3.2358245194710387,19005986.3468631,-10.137492814824437,-0.5151205629197975,-2.178031085761442,-12.830644463505678,20508979.10628163,-1502978.8709806383,-1.0577934337095964,19005999.17750756
020,9,6.259956058595373,13713596.846861668,-1428494.4518059045,-1.599039681898165,12285100.796016082,-7.691991620315778,-0.27753100925157526,-1.1157428155688889,-9.085265445136242,13713604.538853288,-1428494.1742748953,-0.48329686632927604,12285109.881281527
020,10,6.870007154872157,9572239.836619742,-1382422.9126795009,-0.8568210330297718,8189816.067119208,-5.944764908630865,-0.15801518554181815,-0.6141691261431172,-6.716949220315801,9572245.78138465,-1382422.7546643154,-0.2426519068866545,8189822.784068429
020,11,7.482526921564404,6957670.422566891,-1356932.3129459918,-0.48897326052716666,5600737.620647638,-4.6716385103445175,-0.09421251256259833,-0.3577309414419641,-5.12358196434908,6957675.094205401,-1356932.2187334793,-0.13124231908520256,5600742.744229603
040,0,4.028342004983811,230858517.29437286,-5033521.9203109145,-333.816965341031,225824661.5570966,-35.60518489664505,-18.418552112789754,-170.7893085568908,-224.8130455663256,230858552.89955774,-5033503.501758802,-163.0276567841402,225824886.37014216
040,1,4.226427734712842,244196346.5119477,-4394319.917930841,-175.48032915072142,239801851.1136877,-32.02248002500542,-12.152745646135294,-92.38724637067249,-136.5624720418132,244196378.5344277,-4394307.765185195,-83.09308278004893,239801987.67615974
040,2,4.4254540914005505,232474495.22138944,-3791998.62004596,-98.87564779531179,228682397.7256957,-28.622369245051807,-8.308259114630815,-53.68574795850684,-90.61637631818945,232474523.8437587,-3791990.3117868453,-45.189899836804955,228682488.342072
040,3,4.625300657182533,209479748.03405225,-3354401.7008551955,-59.03021285200083,206125287.3029842,-25.49379077318468,-5.840187502601793,-33.08716382497654,-64.42114210076302,209479773.52784303,-3354395.860667693,-25.943049027024287,206125351.7241263
040,4,4.825865432702337,183176208.53942582,-2992666.9252828956,-36.98527790351212,180183504.62886503,-22.670007787764984,-4.200487616650271,-21.392593620030688,-48.26308902444595,183176231.20943362,-2992662.724795279,-15.592684283481432,180183552.89195406
040,5,5.228817940248162,134512919.65482908,-2433014.086545557,-16.297154707076515,132079889.27112882,-17.924228641589433,-2.297938163209622,-9.988680296119307,-30.210847100918365,134512937.57905772,-2433011.7886073934,-6.308474410957208,132079919.48197591
040,6,5.633765510500219,97354745.50821002,-2097076.0401313156,-8.084692326217326,95257661.38338637,-14.23801995929652,-1.3350811881510332,-5.202257342282863,-20.775358489730415,97354759.74622998,-2097074.7050501273,-2.8824349839344627,95257682.15874486
040,7,6.040307785953206,70889752.62961742,-1897719.9858296067,-4.382228553291948,68992028.26155926,-11.397803124672473,-0.8139967632952558,-2.932590892574206,-15.144390780541935,70889764.02742055,-1897719.1718328435,-1.449637660717742,68992043.40595004
040,8,6.448141212656963,52328795.348269716,-1760013.6483787224,-2.5430073257279244,50568779.156883664,-9.207760147686207,-0.5164620541410905,-1.7555161583133752,-11.479738360140672,52328804.55602986,-1760013.1319166683,-0.7874911674145493,50568790.63662203
040,9,7.061827603204395,34213413.78338339,-1629423.5532609522,-1.2394657641769609,32583988.990656674,-6.806804887994085,-0.27754362344656336,-0.8860285129983131,-7.970377024438961,34213420.59018828,-1629423.2757173288,-0.35343725117864777,32583996.9610337
040,10,7.677339039100748,23213643.450133957,-1547471.1161936596,-0.6605033412788651,21666171.673436955,-5.138914872052313,-0.15842656472135896,-0.4840384871165081,-5.78137992389018,23213648.58904883,-1547470.957767095,-0.17646485416235702,21666177.454816878
040,11,8.294268684307777,16319663.136413287,-1498567.108806964,-0.37676578733780197,14821095.650840536,-3.9565536495361164,-0.09499738991788798,-0.28114010163515823,-4.332691141089162,16319667.092966937,-1498567.013809574,-0.09562568570264374,14821099.983531676
060,0,4.986373945999814,451217453.2332179,-3644978.7742259502,-140.53011706847752,447572333.92887485,-21.359015243928326,-11.678416035898891,-105.9015294172581,-138.93896069708532,451217474.5922331,-3644967.095809914,-34.62858765121942,447572472.8678355
060,1,5.195596109758692,378919307.7530393,-3351689.1966804266,-70.01387653386332,375567548.5424823,-19.35265126746808,-7.329965289700638,-53.27496566894867,-79.95758222611738,378919327.10569054,-3351681.866715137,-16.738910864914658,375567628.50006455
060,2,5.405073607135614,310445683.03412384,-3082756.232536733,-37.698520977647206,307362889.10306615,-17.40372859250612,-4.843582760096211,-28.848060792189408,-51.09537214479174,310445700.43785244,-3082751.388953973,-8.850460185457798,307362940.1984383
060,3,5.6147782186605815,252159919.61474282,-2790355.7509200573,-21.775502316033673,249369542.08832043,-15.622256260276837,-3.3377309932783117,-16.734274842321526,-35.694262095876674,252159935.23699906,-2790352.4131890642,-5.041227473712148,249369577.78258252
060,4,5.824685438169342,204885445.73832124,-2529515.423621416,-13.363531056373375,202355916.95116878,-14.03587711976509,-2.3797474688815505,-10.311191395883885,-26.726815984530525,204885459.77419835,-2529513.043873947,-3.0523396604894906,202355943.67798477
060,5,6.245025426907157,137556831.0357184,-2130925.919283867,-5.8154447197178385,135425899.30098984,-11.411531884302203,-1.3084822030415353,-4.525077500676696,-17.245091588020436,137556842.4472503,-2130924.6108016637,-1.2903672190411424,135425916.54608142
060,6,6.665957586751911,95191379.85120758,-1894003.3376973867,-2.9194853258143034,93297373.59402487,-9.38666476711719,-0.7773146332205911,-2.2905566415912406,-12.454536041929023,95191389.23787235,-1894002.5603827536,-0.6289286842230628,93297386.0485609
060,7,7.0873732606143705,67882193.12850079,-1756592.488137409,-1.6209011609585005,66125599.01946222,-7.8108344808628285,-0.48844244600894626,-1.2809016501684853,-9.580178577040261,67882200.93933527,-1756591.999694963,-0.3399995107900151,66125608.599640794
060,8,7.509194930917098,49726966.41792378,-1690946.937550798,-0.9683685951583271,48036018.51200438,-6.568836374609527,-0.32038107876392274,-0.7696935437027719,-7.658910997076221,49726972.986760154,-1690946.6171697192,-0.1986750514555552,48036026.17091538
060,9,8.142545364461963,32567786.421893016,-1627026.621461019,-0.49411779721562665,30940759.3063142,-5.1560506296839,-0.18110666321036462,-0.3952281324213405,-5.732385425315606,32567791.577943645,-1627026.4403543556,-0.09888966479428618,30940765.038699627
060,10,8.776498508305712,22314321.721972093,-1589233.1342533752,-0.2752116262268003,20725088.312507093,-4.1220122829521095,-0.10851668298387729,-0.22104767593593738,-4.451576641871924,22314325.843984377,-1589233.0257366924,-0.054163950290862906,20725092.764083736
060,11,9.410929128409947,15902833.35028702,-1566560.0323904753,-0.16354414845561405,14336273.154352397,-3.3476611251119377,-0.0680808541243243,-0.13171336356251018,-3.5474553427987723,15902836.697948145,-1566559.9643096211,-0.03183078489310387,14336276.70180774
080,0,2.936318559141959,-243370976.65006557,-4701560.476960242,-305.58465623658833,-248072842.71168205,-14.277545414038645,-9.611477133804765,-173.30188151165387,-197.19090405949729,-243370962.37252015,-4701550.865483108,-132.28277472493446,-248072645.520778
080,1,3.156455612432442,-134180577.80673549,-4000387.3331907988,-153.96957963231148,-138181119.10950592,-12.345266194939317,-6.443090835430439,-89.0048655480574,-107.79322257842715,-134180565.4614693,-4000380.890099963,-64.96471408425408,-138181011.31628335
080,2,3.3801370659387384,-80725571.22636682,-3389084.924750313,-85.18131408741579,-84114741.33243121,-10.586217853836633,-4.534105313652885,-50.50401176308875,-65.62433493057827,-80725560.64014897,-3389080.3906449997,-34.67730232432704,-84114675.70809628
080,3,3.6067031658070943,-51572367.692230254,-2913936.0360770524,-50.59274757437963,-54486354.32105488,-9.069712574184464,-3.2930569697264946,-30.898984793139398,-43.261754337050355,-51572358.62251768,-2913932.743020083,-19.69376278124023,-54486311.05930055
080,4,3.8356432167867163,-33781534.518855214,-2566225.9935518056,-31.699524242522337,-36347792.211931266,-7.786425863866051,-2.4425664158931797,-19.971901894898792,-30.200894174658025,-33781526.73242935,-2566223.55098539,-11.727622347623544,-36347762.01103709
080,5,4.299123869677811,-13729981.71092579,-2111650.9371238947,-13.96533193690478,-15841646.61338162,-5.802269025991607,-1.4007666534752579,-9.326371073458995,-16.52940675292586,-13729975.908656763,-2111649.536357241,-4.638960863445785,-15841630.083974868
080,6,4.768254418666974,-3694485.7377933487,-1829675.2334018052,-6.866971960925347,-5524167.838167115,-4.406163518909165,-0.835407038860124,-4.805937065624832,-10.047507623394122,-3694481.33162983,-1829674.3979947662,-2.061034895300515,-5524157.790659492
080,7,5.241516760580397,1288256.8916986752,-1650769.403292071,-3.657714574239432,-362516.1693079701,-3.418420657806561,-0.5140961226156939,-2.6509234753870645,-6.58344025580932,1288260.310119333,-1650768.8891959484,-1.0067910988523674,-362509.5858677143
080,8,5.717885700851483,3538273.2492103092,-1556374.0920389183,-2.0738479816847817,1981897.0833234093,-2.7095093299968736,-0.3254113652734638,-1.5416868385194564,-4.576607533789794,3538275.958719639,-1556373.766627553,-0.5321611431653253,1981901.659930943
080,9,6.4367550676304806,4456865.5801029,-1488243.138464138,-0.9711748468683259,2968621.4704639153,-1.9822246409342528,-0.17204252735366632,-0.740843831391018,-2.895110999678937,4456867.562327541,-1488242.9664216104,-0.23033101547730794,2968624.365574915
080,10,7.159414478722038,4228192.799140628,-1462999.2030037306,-0.49658490966139524,2765193.0995519883,-1.5029580306816088,-0.0959077972306761,-0.38514067783412115,-1.984006505746406,4228194.302098659,-1462999.1070959333,-0.11144423182727409,2765195.083558494
080,11,7.884823672264265,3714621.539888151,-1454066.9381604306,-0.272196820608583,2260554.3295309,-1.1720032555765494,-0.05603282708248414,-0.21346503305320316,-1.4415011157122366,3714622.7118914067,-1454066.8821276035,-0.05873178755537986,2260555.771032016
100,0,3.837015142130719,81743120.42776026,-3571848.526174277,-608.2684477398298,78170663.63313824,-9.716336185182607,-15.149179155093853,-273.76876018335975,-298.63427552363623,81743130.14409645,-3571833.376995122,-334.49968755647,78170962.26741377
100,1,4.045256260121644,85232484.99769759,-3116269.1356169432,-294.8886562958184,82115920.97342436,-10.743571262167054,-9.916267614375139,-140.47529573742813,-161.1351346139703,85232495.74126886,-3116259.219349329,-154.41336055839028,82116082.10855897
100,2,4.253917871409249,79253410.8819502,-2796753.4243848473,-153.26283588414412,76456504.19472946,-10.84270216552031,-6.844654884835579,-77.19136576315489,-94.87872281351078,79253421.72465236,-2796746.5797299626,-76.07147012098923,76456599.07345228
100,3,4.4629427776611434,69737241.20007078,-2512828.4737952054,-84.74835471865175,67224327.97792086,-10.448917125373038,-4.891889686728602,-44.99747841490161,-60.33828522700325,69737251.6489879,-2512823.5819055187,-39.75087630375015,67224388.31620608
100,4,4.672280726522933,59576902.978808776,-2264185.7635837346,-49.51092896938593,57312667.704296075,-9.818268843791694,-3.583188027741228,-27.60259741505108,-41.004054286584,59576912.79707762,-2264182.180395707,-21.90833155433485,57312708.70835036
100,5,5.091742579025466,41850244.18045158,-1885449.7943534628,-19.41977906201074,39964774.966319054,-8.3598991850795,-2.0275944370425876,-11.771591523773736,-22.159085145895823,41850252.540350765,-1885447.7667590256,-7.6481875382370035,39964797.1254042
100,6,5.512052434652442,29135626.46064056,-1637325.489597343,-8.831963615524394,27498292.1390796,-6.991298597228598,-1.2113347958466942,-5.714644114967976,-13.917277508043268,29135633.45193916,-1637324.278262547,-3.117319500556418,27498306.056357108
100,7,5.933030986169297,20579291.950245403,-1497527.2125219405,-4.4922338394560875,19081760.245489623,-5.834738383003534,-0.755726832751237,-3.054194107944026,-9.644659323698797,20579297.784983784,-1497526.4567951078,-1.4380397315120614,19081769.89014895
100,8,6.354544724970376,14883602.06961692,-1410545.6756308656,-2.4880764563575664,13473053.905909598,-4.889741184982634,-0.4889172779902795,-1.7557690431243502,-7.134427506097264,14883606.959358104,-1410545.1867135877,-0.7323074132332161,13473061.040337104
100,9,6.987607662072189,9627722.483347366,-1337047.200174261,-1.1553213178320068,8290674.127851787,-3.798210299420317,-0.2693042748043455,-0.8480663930920491,-4.9155809673167115,9627726.281557664,-1337046.930869986,-0.30725492473995764,8290679.043432754
100,10,7.621410375537021,6618181.854057741,-1300025.0425013285,-0.5962864240772758,5318156.215269988,-2.998635982047519,-0.1569767190870497,-0.4493673133542031,-3.604980014488772,6618184.8526937235,-1300024.8855246094,-0.14691911072307273,5318159.820250003
100,11,8.255781547116605,4818800.823524353,-1279182.8557870071,-0.33279700834212345,3539617.6349403374,-2.4044830486348765,-0.09586961189430054,-0.2553509237611115,-2.7557035842902886,4818803.228007401,-1279182.7599173952,-0.07744608458101193,3539620.3906439217
120,0,3.2155946708250798,-558623572.6154057,-4226469.385126233,-771.209208916612,-562850813.2097409,-15.023212034852323,-14.074244388768351,-271.6679804921749,-300.76543691579553,-558623557.5921936,-4226455.310881845,-499.5412284244372,-562850512.444304
120,1,3.438200662708513,-334100902.61068755,-3795630.0537490845,-339.44927925467516,-337896872.1137159,-15.091993644269559,-8.488544486360565,-133.68644238467232,-157.26698051530244,-334100887.5186939,-3795621.565204598,-205.76283687000284,-337896714.84673536
120,2,3.6637757808871134,-217849157.31363666,-3284945.830432415,-164.70500624041276,-221134267.84907532,-14.487033193944258,-5.504830004182262,-71.79511186204647,-91.78697506017299,-217849142.82660347,-3284940.325602411,-92.90989437836629,-221134176.06210026
120,3,3.8918061881997468,-152356440.304997,-2820059.0329298377,-86.57686872080686,-155176585.91479555,-13.45057859201078,-3.738600357618319,-41.18815288848486,-58.37733183811396,-152356426.8544184,-2820055.2943294803,-45.388715832322,-155176527.5374637
120,4,4.121883883246102,-112221799.23685911,-2435385.1107021123,-48.70543972316962,-114657233.05300094,-12.219114890786424,-2.6205159893738355,-24.95693854219471,-39.79656942235497,-112221787.01774423,-2435382.4901861227,-23.74850118097491,-114657193.25643152
120,5,4.5869464397430395,-67336387.05238405,-1977482.935367778,-18.171238816795444,-69313888.15899064,-9.753544426392226,-1.3760718428058514,-10.457018074327042,-21.58663434352512,-67336377.29883963,-1977481.559295935,-7.714220742468402,-69313866.5723563
120,6,5.057043223981659,-43883335.85510325,-1735661.246752344,-8.005979535955856,-45619005.10783513,-7.677622064139696,-0.7719126086070087,-5.007326812767243,-13.456861485513947,-43883328.17748118,-1735660.4748397355,-2.998652723188613,-45618991.65097364
120,7,5.530893560883311,-30088154.839379936,-1660313.8910714462,-3.9728856551014173,-31748472.703337036,-6.06590034457278,-0.4557559750479401,-2.6381523614745195,-9.159808681095239,-30088148.773479592,-1660313.4353154711,-1.3347332936268979,-31748463.543528356
120,8,6.007607293852374,-21320284.346675575,-1613874.4384576343,-2.151415383230141,-22934160.93654859,-4.843474022458208,-0.280649756790913,-1.4917867887754688,-6.61591056802459,-21320279.50320155,-1613874.1578078775,-0.6596285944546723,-22934154.320638023
120,9,6.726715054241585,-13191015.065238697,-1573257.6085854582,-0.9666220140408248,-14764273.64044617,-3.53962310478038,-0.14475558971562874,-0.7004837759644359,-4.384862470460445,-13191011.525615593,-1573257.4638298685,-0.2661382380763889,-14764269.255583698
120,10,7.449420875453526,-8330281.842584051,-1562075.2812525667,-0.4830331246798443,-9892357.606869742,-2.6605017786196696,-0.07965814528772208,-0.36013530686471174,-3.1002952307721037,-8330279.182082272,-1562075.2015944214,-0.12289781781513254,-9892354.506574512
120,11,8.174768193102853,-5261520.487087505,-1562671.7936938256,-0.2613372064973073,-6824192.542118537,-2.050208952787892,-0.046241458755929,-0.19859264098009202,-2.2950430525239134,-5261518.436878552,-1562671.7474523669,-0.06274456551721527,-6824190.247075485
140,0,4.187150132409826,-414249189.2380611,-3643857.054080248,-78.89988509788951,-417893125.19202644,0.33977636019093027,-3.5186070820456186,-50.84478159573234,-54.02361231758703,-414249189.5778374,-3643853.535473166,-28.055103502157166,-417893071.1684141
140,1,4.388159020415036,-335912472.28115845,-3094250.865256846,-48.06768804548417,-339006771.21410334,-0.04808494769970451,-2.6257253251904595,-29.568544249290305,-32.24235452218047,-335912472.2330735,-3094248.2395315208,-18.499143796193863,-339006738.9717488
140,2,4.589446218818053,-275486402.92171687,-2675379.4662048817,-30.64690521239595,-278161813.03482693,-0.29157110889516047,-2.0022343138638767,-18.69884870374421,-20.992654126503247,-275486402.6301458,-2675377.463970568,-11.948056508651739,-278161792.0421728
140,3,4.790978828527813,-227714007.26487857,-2357235.027856171,-20.283211432630964,-230071262.57594618,-0.4426079353184684,-1.5528497939982275,-12.50658827034287,-14.502045999659567,-227714006.82227063,-2357233.4750063773,-7.776623162288093,-230071248.0739002
140,4,4.992724306456319,-189389278.8605041,-2108592.7628145516,-13.855171831953832,-191497885.47849047,-0.5333908003400276,-1.2209179819954405,-8.705337551091489,-10.459646333426956,-189389278.3271133,-2108591.5418965695,-5.149834280862343,-191497875.01884413
140,5,5.39676209222573,-133024132.69230992,-1772261.7839424312,-6.989731775162186,-134796401.46598414,-0.6090104251581978,-0.7798333831279789,-4.588006595882881,-5.976850404169058,-133024132.08329949,-1772261.004109048,-2.401725179279305,-134796395.48913375
140,6,5.8014009911936775,-95113527.912577,-1589755.0753634572,-3.8330190453059214,-96703286.82095951,-0.6112882820446452,-0.5158067811277487,-2.619243949864911,-3.7463390130373053,-95113527.30128872,-1589754.559556676,-1.2137750954410103,-96703283.0746205
140,7,6.206524234166627,-69102280.79442488,-1476149.7497179061,-2.2436453861041445,-70578432.78778817,-0.5815500381731196,-0.35099682607626126,-1.5849166477337533,-2.5174635119831343,-69102280.21287484,-1476149.39872108,-0.6587287383703913,-70578430.27032466
140,8,6.61204193141582,-50937868.630380526,-1417400.6131986678,-1.3836056983091432,-52355270.62718489,-0.5390834124345305,-0.24467582448324343,-1.0035922145866683,-1.7873514515044422,-50937868.09129711,-1417400.3685228433,-0.3800134837224749,-52355268.83983344
140,9,7.220914108732497,-33021717.69665435,-1369623.6450275034,-0.7239126469208155,-34391342.0655945,-0.47019320673405196,-0.1480075311693113,-0.5408737465103663,-1.1590744844137295,-33021717.226461142,-1369623.4970199722,-0.18303890041044912,-34391340.90652002
140,10,7.830352107156619,-21935653.2963632,-1341728.0387388393,-0.4074348545409394,-23277381.742536895,-0.40543594378371295,-0.09314255762160006,-0.3108323774273499,-0.8094108788326629,-21935652.89092726,-1341727.9455962817,-0.09660247711358949,-23277380.933126017
140,11,8.440233575236388,-14854310.970047025,-1326374.2458441257,-0.24283245430269554,-16180685.458723605,-0.34857571383401775,-0.06062250220492377,-0.1880361341056847,-0.5972343501446262,-14854310.621471312,-1326374.1852216236,-0.054796320197010834,-16180684.861489255
160,0,4.792554473069052,-85263412.83661066,-4966322.901597887,-304.3813390956833,-90230040.11954765,-27.425369726113974,-16.185642649685075,-154.24559139759722,-197.85660377339627,-85263385.41124094,-4966306.715955238,-150.13574769808608,-90229842.26294388
160,1,5.000345902664628,-191073116.49558666,-4351222.399763942,-156.56879153252999,-195424495.46414214,-24.70526754263481,-10.880634632119321,-82.45265356248706,-118.03855573724118,-191073091.79031911,-4351211.51912931,-74.11613797004293,-195424377.4255864
160,2,5.208179295855608,-222224143.8377039,-3702023.1881064177,-85.33628332253708,-225926252.36209366,-22.25471562028274,-7.575556218448362,-47.006390195575534,-76.83666203430664,-222224121.5829883,-3702015.612550199,-38.32989312696155,-225926175.52543163
160,3,5.416052429991,-217392872.13999844,-3145176.8929216266,-49.03855079472414,-220538098.07147086,-20.067383281859843,-5.422376420525172,-28.30756863958994,-53.79732834197496,-217392852.07261515,-3145171.470545206,-20.730982155134196,-220538044.2741425
160,4,5.6239584225150585,-197409007.87091732,-2731233.6297144294,-29.555502624155466,-200140271.05613437,-18.12384779517916,-3.9702658482017448,-17.855259988967877,-39.94937363234878,-197408989.74706954,-2731229.6594485813,-11.700242635187589,-200140231.10676074
160,5,6.039860046236087,-148192597.1341868,-2184590.073294103,-12.13776601428681,-150377199.3452469,-14.871486541510766,-2.24813986807332,-7.945231435015119,-25.064857844599203,-148192582.26270026,-2184587.825154235,-4.19253457927169,-150377174.28038907
160,6,6.455860269091848,-106444565.16802041,-1845668.612241447,-5.696848243815455,-108290239.4771101,-12.309637761955297,-1.3488456150105552,-3.9692168091667526,-17.627700186132607,-106444552.85838266,-1845667.263395832,-1.7276314346487025,-108290221.84940992
160,7,6.871941300785847,-75947291.56855571,-1651103.9659698308,-2.9657866404886835,-77598398.50031218,-10.279892910529146,-0.8471463309431932,-2.1636056904105487,-13.290644931882888,-75947281.2886628,-1651103.1188235,-0.8021809500781347,-77598385.20966725
160,8,7.288087622913709,-54549571.04864901,-1572585.126372382,-1.6736579986380438,-56122157.84867939,-8.65903546549492,-0.5523616471517911,-1.2619457943031902,-10.473342906949902,-54549562.38961355,-1572584.574010735,-0.41171220433485356,-56122147.37533648
160,9,7.912412915301463,-33923559.44640995,-1520237.0339928567,-0.7957770599819931,-35443797.276179865,-6.796204997871301,-0.3080397803795094,-0.6198258403255685,-7.724070618576379,-33923552.65020495,-1520236.7259530763,-0.17595121965642457,-35443789.55210925
160,10,8.536835365118977,-21663078.656483293,-1496718.7564025521,-0.41942503085651717,-23159797.832310874,-5.423491800126153,-0.18177207565841336,-0.3330899573552465,-5.938353833139813,-21663073.232991494,-1496718.5746304765,-0.08633507350127068,-23159791.89395704
160,11,9.161336490728116,-14142345.530918531,-1486925.6380306035,-0.23866998617875818,-15629271.40761912,-4.392890046079976,-0.11232926505286667,-0.19176812495580176,-4.696987436088644,-14142341.138028486,-1486925.5257013384,-0.04690186122295642,-15629266.710631685
180,0,2.8932456028643627,-426420993.70280224,-6248119.112441599,-566.1730269714576,-432669678.9882708,-29.71258397729727,-20.65889528200502,-320.1291663208484,-370.5006455801507,-426420963.9902183,-6248098.453546317,-246.0438606506092,-432669308.48762524
180,1,3.110218662286823,-245709363.66143256,-4953692.829399705,-286.5750995642884,-250663343.06593183,-27.12467149714618,-13.202286251895245,-161.87799499856715,-202.20495274760856,-245709336.53676108,-4953679.627113453,-124.69710456572125,-250663140.86097908
180,2,3.3312047693390534,-167131111.63552588,-4105622.0871709287,-155.03291698527593,-171236888.7556138,-24.3437988382044,-8.851403309418984,-88.70879868314583,-121.9040008307692,-167131087.29172704,-4105613.235767619,-66.3241183021301,-171236766.851613
180,3,3.555454587537122,-138201786.95569143,-3393969.149650365,-88.64871819369309,-141595844.75406,-21.56870703561312,-6.095270600077626,-51.72300214135538,-79.38697977704612,-138201765.38698438,-3393963.054379765,-36.925716052337705,-141595765.3670802
180,4,3.7823878968734275,-126313446.56432723,-2938564.502518326,-53.20295927850382,-129252064.26980484,-18.9692400961907,-4.279734557345794,-31.756082043140456,-55.005056696676945,-126313427.59508713,-2938560.2227837685,-21.446877235363363,-129252009.26474814
180,5,4.242576783317732,-108946371.97351514,-2325558.4806956947,-21.62478807049902,-111271952.07899891,-14.581740791293894,-2.2143455114714268,-13.547313686009923,-30.343399988775246,-108946357.39177434,-2325556.266350183,-8.077474384489095,-111271921.73559892
180,6,4.709133336868423,-89015449.93424825,-1900854.1576960087,-9.975453291912462,-90916314.06739755,-11.273531698913454,-1.21132090875256,-6.540723500518244,-19.025576108184257,-89015438.66071655,-1900852.9463751,-3.4347297913942185,-90916295.04182144
180,7,5.180335802275374,-69801346.96556906,-1612529.2656167597,-5.061634476408037,-71413881.2928203,-8.82477257986587,-0.6950598984293048,-3.450542337395645,-12.970374815690821,-69801338.14079648,-1612528.570556861,-1.611092139012392,-71413868.32244548
180,8,5.655024516655558,-53644227.51430056,-1446097.9575166032,-2.764980820789592,-55090328.23679799,-7.00582501552554,-0.4157225756482905,-1.9453113207929227,-9.366858911966753,-53644220.50847555,-1446097.5417940274,-0.8196694999966692,-55090318.869939074
180,9,6.371886849842693,-35663822.844882354,-1320723.398625493,-1.2422347179966602,-36984547.48574256,-5.0851087847952545,-0.205620561173661,-0.9054168153206763,-6.196146161289592,-35663817.75977357,-1320723.1930049318,-0.3368179026759839,-36984541.2895964
180,10,7.092981587419963,-23687135.883136675,-1268181.5102980584,-0.6162517419435892,-24955318.009686474,-3.7963320870515282,-0.10891310195429948,-0.46035800077257283,-4.3656031897784,-23687132.086804587,-1268181.4013849564,-0.1558937411710164,-24955313.644083284
180,11,7.8171383132705,-15816604.835734524,-1247410.975642871,-0.3300844464462114,-17064016.14146184,-2.9043745588708045,-0.061111481555142344,-0.25090744611130333,-3.21639348653725,-15816601.931359965,-1247410.9145313895,-0.07917700033490804,-17064012.925068356
